id,name
0,giri
1,mahesh
3,ashok
4,manasa
5,vedha
6,giri
7,giri
8,samba
9,vedha
10,dhana
11,jay
12,sai
13,samba
14,giri
15,mahesh
16,dhana
17,giri
18,mahesh
19,manoj
20,vedha
21,manasa
22,vedha
24,jay
25,sai
26,mahesh
27,vedha
28,manasa
29,jay
30,mahesh
31,manasa
32,manoj
33,dhana
34,manasa
35,manoj
36,giri
37,samba
38,dhana
39,manasa
40,mahesh
41,jay
42,samba
43,jay
44,mahesh
45,jay
46,samba
47,dhana
48,manasa
49,samba
50,giri
51,samba
52,dhana
53,dhana
54,samba
55,sai
56,giri
57,jay
58,samba
59,jay
60,samba
61,jay
62,manoj
63,dhana
64,mahesh
65,giri
66,dhana
67,vedha
68,sai
69,samba
70,mahesh
71,vedha
72,vedha
73,mahesh
74,manasa
75,manoj
76,samba
77,dhana
78,vedha
79,giri
80,mahesh
81,sai
82,sai
83,manasa
84,giri
85,sai
86,manasa
87,samba
88,sai
89,samba
90,giri
91,giri
92,manoj
93,giri
94,jay
95,sai
96,giri
97,manoj
98,manoj
99,giri
100,manasa
101,manoj
102,sai
103,dhana
104,manoj
105,manoj
106,dhana
107,manoj
108,sai
109,vedha
110,vedha
111,dhana
112,mahesh
113,jay
114,sai
115,manasa
116,samba
117,vedha
118,dhana
119,sai
120,sai
121,vedha
122,manoj
123,dhana
124,sai
125,dhana
126,sai
127,mahesh
128,giri
129,manoj
130,samba
131,vedha
132,samba
133,sai
134,sai
135,sai
136,sai
137,sai
138,dhana
139,samba
140,manasa
141,manoj
142,jay
143,dhana
144,manasa
145,mahesh
146,manoj
147,giri
148,giri
149,jay
150,jay
151,giri
152,samba
153,jay
154,sai
155,manoj
156,jay
157,samba
158,sai
159,mahesh
160,jay
161,mahesh
162,manasa
163,dhana
164,dhana
165,mahesh
166,manoj
167,sai
168,dhana
169,samba
170,manasa
171,dhana
172,dhana
173,mahesh
174,sai
175,mahesh
176,jay
177,giri
178,sai
179,manasa
180,mahesh
181,mahesh
182,samba
183,jay
184,giri
185,samba
186,giri
187,manasa
188,manasa
189,mahesh
190,mahesh
191,manasa
192,manasa
193,giri
194,vedha
195,dhana
196,sai
197,manoj
198,jay
199,manoj
200,mahesh
201,manoj
202,dhana
203,vedha
204,mahesh
205,manasa
206,samba
207,manasa
208,samba
209,sai
210,vedha
211,sai
212,giri
213,vedha
214,manoj
215,samba
216,mahesh
217,manasa
218,vedha
219,sai
220,sai
221,samba
222,mahesh
223,mahesh
224,samba
225,sai
226,manasa
227,giri
228,manasa
229,manasa
230,giri
231,samba
232,manoj
233,vedha
234,manasa
235,manasa
236,mahesh
237,mahesh
238,manoj
239,mahesh
240,manasa
241,giri
242,mahesh
243,vedha
244,manasa
245,vedha
246,jay
247,giri
248,vedha
249,giri
250,dhana
251,vedha
252,manasa
253,sai
254,manasa
255,jay
256,jay
257,samba
258,giri
259,vedha
260,manasa
261,jay
262,giri
263,mahesh
264,jay
265,dhana
266,jay
267,dhana
268,sai
269,vedha
270,manoj
271,manoj
272,manoj
273,sai
274,mahesh
275,samba
276,dhana
277,giri
278,dhana
279,vedha
280,dhana
281,mahesh
282,sai
283,mahesh
284,mahesh
285,jay
286,sai
287,vedha
288,manoj
289,manoj
290,sai
291,mahesh
292,manoj
293,jay
294,sai
295,samba
296,mahesh
297,manasa
298,manasa
299,jay
300,vedha
301,mahesh
302,vedha
303,vedha
304,manoj
305,manoj
306,manoj
307,mahesh
308,dhana
309,jay
310,mahesh
311,manoj
312,jay
313,vedha
314,dhana
315,manasa
316,mahesh
317,vedha
318,mahesh
319,sai
320,vedha
321,vedha
322,mahesh
323,sai
324,sai
325,manoj
326,dhana
327,vedha
328,vedha
329,samba
330,dhana
331,jay
332,dhana
333,mahesh
334,manasa
335,manoj
336,vedha
337,vedha
338,giri
339,dhana
340,dhana
341,manoj
342,manoj
343,manoj
344,sai
345,manoj
346,jay
347,jay
348,mahesh
349,vedha
350,jay
351,sai
352,vedha
353,vedha
354,mahesh
355,manasa
356,vedha
357,manoj
358,manoj
359,jay
360,mahesh
361,giri
362,vedha
363,manasa
364,sai
365,dhana
366,vedha
367,vedha
368,samba
369,manasa
370,manasa
371,manoj
372,manoj
373,dhana
374,samba
375,manasa
376,sai
377,dhana
378,vedha
379,jay
380,mahesh
381,sai
382,samba
383,manoj
384,manasa
385,sai
386,vedha
387,sai
388,manasa
389,sai
390,samba
391,samba
392,vedha
393,dhana
394,manasa
395,jay
396,sai
397,manasa
398,dhana
399,manoj
400,dhana
401,sai
402,jay
403,giri
404,manasa
405,manoj
406,manasa
407,dhana
408,manoj
409,mahesh
410,sai
411,sai
412,samba
413,mahesh
414,manasa
415,sai
416,giri
417,dhana
418,mahesh
419,mahesh
420,samba
421,vedha
422,dhana
423,jay
424,manasa
425,mahesh
426,dhana
427,jay
428,samba
429,mahesh
430,giri
431,dhana
432,sai
433,manasa
434,dhana
435,sai
436,mahesh
437,vedha
438,dhana
439,samba
440,sai
441,jay
442,manoj
443,giri
444,jay
445,samba
446,sai
447,mahesh
448,giri
449,jay
450,manoj
451,sai
452,jay
453,vedha
454,mahesh
455,mahesh
456,manoj
457,samba
458,manoj
459,samba
460,giri
461,dhana
462,samba
463,manasa
464,sai
465,vedha
466,sai
467,vedha
468,giri
469,vedha
470,dhana
471,dhana
472,vedha
473,dhana
474,samba
475,sai
476,vedha
477,samba
478,mahesh
479,samba
480,manoj
481,manoj
482,giri
483,samba
484,dhana
485,giri
486,jay
487,dhana
488,jay
489,manasa
490,samba
491,vedha
492,manasa
493,jay
494,samba
495,vedha
496,samba
497,manoj
498,vedha
499,samba
500,jay
501,samba
502,dhana
503,samba
504,dhana
505,dhana
506,manoj
507,dhana
508,manoj
509,giri
510,mahesh
511,giri
512,mahesh
513,jay
514,vedha
515,mahesh
516,mahesh
517,sai
518,manasa
519,samba
520,manoj
521,giri
522,dhana
523,mahesh
524,sai
525,dhana
526,mahesh
527,mahesh
528,giri
529,mahesh
530,manoj
531,vedha
532,giri
533,manoj
534,jay
535,vedha
536,mahesh
537,mahesh
538,dhana
539,manoj
540,samba
541,mahesh
542,manasa
543,dhana
544,manasa
545,manasa
546,manasa
547,manasa
548,jay
549,manasa
550,mahesh
551,samba
552,samba
553,manasa
554,vedha
555,giri
556,giri
557,giri
558,giri
559,giri
560,vedha
561,mahesh
562,manasa
563,samba
564,manoj
565,jay
566,dhana
567,vedha
568,giri
569,sai
570,manasa
571,dhana
572,sai
573,manoj
574,manasa
575,sai
576,jay
577,jay
578,samba
579,vedha
580,samba
581,samba
582,manasa
583,dhana
584,vedha
585,sai
586,mahesh
587,manasa
588,vedha
589,vedha
590,sai
591,jay
592,manoj
593,manoj
594,samba
595,manasa
596,manasa
597,manoj
598,manoj
599,manoj
600,jay
601,mahesh
602,sai
603,vedha
604,manasa
605,mahesh
606,jay
607,samba
608,sai
609,giri
610,jay
611,samba
612,vedha
613,samba
614,manoj
615,jay
616,jay
617,manasa
618,samba
619,dhana
620,giri
621,mahesh
622,samba
623,sai
624,mahesh
625,vedha
626,vedha
627,manoj
628,giri
629,manasa
630,vedha
631,mahesh
632,samba
633,sai
634,manoj
635,samba
636,dhana
637,manasa
638,samba
639,manasa
640,giri
641,giri
642,manoj
643,vedha
644,mahesh
645,samba
646,sai
647,manasa
648,giri
649,sai
650,manoj
651,manasa
652,manasa
653,sai
654,samba
655,manoj
656,manasa
657,dhana
658,manasa
659,jay
660,mahesh
661,jay
662,samba
663,giri
664,jay
665,samba
666,samba
667,manoj
668,manasa
669,manasa
670,manoj
671,mahesh
672,mahesh
673,manasa
674,sai
675,jay
676,samba
677,dhana
678,mahesh
679,manasa
680,manasa
681,sai
682,jay
683,samba
684,samba
685,mahesh
686,jay
687,giri
688,sai
689,dhana
690,samba
691,mahesh
692,manoj
693,jay
694,jay
695,giri
696,mahesh
697,manoj
698,sai
699,samba
700,giri
701,vedha
702,manasa
703,samba
704,jay
705,mahesh
706,manoj
707,samba
708,vedha
709,mahesh
710,manasa
711,manoj
712,samba
713,giri
714,vedha
715,manoj
716,manasa
717,dhana
718,samba
719,sai
720,manasa
721,mahesh
722,manasa
723,jay
724,mahesh
725,samba
726,mahesh
727,jay
728,vedha
729,sai
730,mahesh
731,samba
732,vedha
733,dhana
734,dhana
735,jay
736,manoj
737,manoj
738,manoj
739,mahesh
740,jay
741,manoj
742,jay
743,giri
744,vedha
745,manoj
746,samba
747,manasa
748,samba
749,vedha
750,samba
751,samba
752,manasa
753,sai
754,samba
755,dhana
756,samba
757,dhana
758,manoj
759,samba
760,dhana
761,dhana
762,manasa
763,manasa
764,vedha
765,dhana
766,mahesh
767,samba
768,manoj
769,samba
770,manoj
771,mahesh
772,giri
773,manoj
774,giri
775,manasa
776,giri
777,mahesh
778,vedha
779,manoj
780,samba
781,mahesh
782,manoj
783,jay
784,jay
785,jay
786,manasa
787,vedha
788,dhana
789,giri
790,dhana
791,mahesh
792,jay
793,samba
794,dhana
795,jay
796,giri
797,samba
798,vedha
799,mahesh
800,samba
801,manasa
802,dhana
803,dhana
804,giri
805,samba
806,manoj
807,samba
808,dhana
809,vedha
810,giri
811,sai
812,manoj
813,mahesh
814,sai
815,manasa
816,vedha
817,manoj
818,manoj
819,jay
820,jay
821,samba
822,sai
823,giri
824,vedha
825,mahesh
826,vedha
827,samba
828,giri
829,samba
830,manasa
831,jay
832,sai
833,jay
834,manasa
835,mahesh
836,vedha
837,sai
838,giri
839,samba
840,manoj
841,manasa
842,manoj
843,sai
844,manoj
845,dhana
846,mahesh
847,jay
848,vedha
849,jay
850,vedha
851,sai
852,mahesh
853,giri
854,manasa
855,jay
856,vedha
857,samba
858,jay
859,samba
860,jay
861,samba
862,jay
863,mahesh
864,manoj
865,mahesh
866,giri
867,giri
868,dhana
869,manoj
870,jay
871,manasa
872,samba
873,sai
874,manoj
875,manoj
876,manoj
877,giri
878,manoj
879,jay
880,sai
881,manasa
882,samba
883,vedha
884,jay
885,mahesh
886,manasa
887,dhana
888,dhana
889,manoj
890,giri
891,sai
892,dhana
893,manoj
894,manoj
895,manoj
896,mahesh
897,giri
898,manasa
899,manasa
900,mahesh
901,manasa
902,samba
903,vedha
904,sai
905,vedha
906,dhana
907,vedha
908,manoj
909,vedha
910,vedha
911,samba
912,giri
913,dhana
914,manoj
915,sai
916,samba
917,sai
918,manasa
919,jay
920,giri
921,vedha
922,manasa
923,dhana
924,jay
925,mahesh
926,mahesh
927,dhana
928,mahesh
929,dhana
930,manoj
931,manoj
932,mahesh
933,giri
934,jay
935,jay
936,giri
937,samba
938,vedha
939,samba
940,sai
941,vedha
942,sai
943,vedha
944,sai
945,samba
946,samba
947,manasa
948,vedha
949,dhana
950,vedha
951,samba
952,dhana
953,sai
954,manasa
955,jay
956,giri
957,giri
958,jay
959,manoj
960,giri
961,dhana
962,dhana
963,giri
964,vedha
965,manoj
966,vedha
967,mahesh
968,jay
969,manoj
970,samba
971,vedha
972,manasa
973,manoj
974,mahesh
975,sai
976,manasa
977,manasa
978,manasa
979,vedha
980,giri
981,dhana
982,jay
983,manoj
984,dhana
985,sai
986,giri
987,sai
988,giri
989,dhana
990,jay
991,giri
992,manoj
993,giri
994,giri
995,manoj
996,vedha
997,manoj
998,samba
999,mahesh
1000,vedha
1001,giri
1002,giri
1003,mahesh
1004,giri
1005,sai
1006,manasa
1007,vedha
1008,vedha
1009,manasa
1010,samba
1011,jay
1012,manasa
1013,giri
1014,mahesh
1015,giri
1016,vedha
1017,vedha
1018,manasa
1019,mahesh
1020,samba
1021,manasa
1022,manoj
1023,giri
1024,manoj
1025,vedha
1026,dhana
1027,manasa
1028,sai
1029,jay
1030,manasa
1031,manoj
1032,samba
1033,sai
1034,vedha
1035,manoj
1036,giri
1037,samba
1038,samba
1039,samba
1040,samba
1041,manoj
1042,manoj
1043,jay
1044,manasa
1045,vedha
1046,manasa
1047,dhana
1048,vedha
1049,samba
1050,jay
1051,giri
1052,mahesh
1053,jay
1054,manasa
1055,jay
1056,samba
1057,jay
1058,giri
1059,mahesh
1060,manasa
1061,manoj
1062,sai
1063,samba
1064,manasa
1065,sai
1066,sai
1067,vedha
1068,giri
1069,samba
1070,mahesh
1071,dhana
1072,jay
1073,dhana
1074,jay
1075,giri
1076,manoj
1077,samba
1078,manasa
1079,dhana
1080,samba
1081,manasa
1082,samba
1083,jay
1084,sai
1085,manasa
1086,giri
1087,jay
1088,samba
1089,jay
1090,jay
1091,sai
1092,samba
1093,dhana
1094,sai
1095,manasa
1096,sai
1097,giri
1098,manasa
1099,dhana
1100,sai
1101,mahesh
1102,samba
1103,sai
1104,giri
1105,jay
1106,giri
1107,manoj
1108,jay
1109,samba
1110,jay
1111,sai
1112,manoj
1113,manasa
1114,samba
1115,samba
1116,jay
1117,vedha
1118,samba
1119,dhana
1120,sai
1121,manasa
1122,jay
1123,giri
1124,vedha
1125,mahesh
1126,mahesh
1127,manasa
1128,dhana
1129,giri
1130,manoj
1131,vedha
1132,jay
1133,jay
1134,dhana
1135,mahesh
1136,giri
1137,jay
1138,manasa
1139,dhana
1140,manasa
1141,mahesh
1142,vedha
1143,sai
1144,manoj
1145,sai
1146,dhana
1147,samba
1148,sai
1149,samba
1150,giri
1151,dhana
1152,dhana
1153,jay
1154,samba
1155,manasa
1156,manasa
1157,giri
1158,manoj
1159,sai
1160,samba
1161,sai
1162,samba
1163,sai
1164,giri
1165,vedha
1166,manoj
1167,manasa
1168,manoj
1169,giri
1170,vedha
1171,manoj
1172,manoj
1173,manasa
1174,manoj
1175,sai
1176,mahesh
1177,vedha
1178,giri
1179,manoj
1180,manasa
1181,vedha
1182,vedha
1183,dhana
1184,vedha
1185,samba
1186,giri
1187,samba
1188,vedha
1189,manoj
1190,giri
1191,giri
1192,manasa
1193,vedha
1194,sai
1195,sai
1196,manoj
1197,manasa
1198,sai
1199,dhana
1200,vedha
1201,giri
1202,manoj
1203,jay
1204,giri
1205,mahesh
1206,giri
1207,vedha
1208,sai
1209,manasa
1210,jay
1211,mahesh
1212,samba
1213,giri
1214,sai
1215,mahesh
1216,manoj
1217,manoj
1218,manasa
1219,jay
1220,vedha
1221,manoj
1222,samba
1223,giri
1224,vedha
1225,manasa
1226,manoj
1227,mahesh
1228,vedha
1229,mahesh
1230,vedha
1231,manasa
1232,manasa
1233,sai
1234,dhana
1235,giri
1236,giri
1237,manoj
1238,dhana
1239,giri
1240,manoj
1241,vedha
1242,vedha
1243,dhana
1244,dhana
1245,manoj
1246,manasa
1247,mahesh
1248,jay
1249,manoj
1250,samba
1251,jay
1252,dhana
1253,manoj
1254,dhana
1255,manasa
1256,manoj
1257,jay
1258,manoj
1259,vedha
1260,manasa
1261,jay
1262,jay
1263,mahesh
1264,sai
1265,giri
1266,mahesh
1267,manasa
1268,manasa
1269,manasa
1270,manasa
1271,sai
1272,sai
1273,samba
1274,giri
1275,samba
1276,giri
1277,dhana
1278,dhana
1279,sai
1280,giri
1281,giri
1282,manasa
1283,dhana
1284,jay
1285,mahesh
1286,samba
1287,manasa
1288,vedha
1289,vedha
1290,jay
1291,dhana
1292,samba
1293,jay
1294,vedha
1295,manoj
1296,sai
1297,mahesh
1298,dhana
1299,vedha
1300,mahesh
1301,vedha
1302,dhana
1303,vedha
1304,sai
1305,jay
1306,jay
1307,vedha
1308,vedha
1309,giri
1310,mahesh
1311,samba
1312,sai
1313,sai
1314,giri
1315,manoj
1316,giri
1317,vedha
1318,giri
1319,giri
1320,sai
1321,sai
1322,vedha
1323,samba
1324,vedha
1325,mahesh
1326,vedha
1327,samba
1328,dhana
1329,manasa
1330,manoj
1331,dhana
1332,mahesh
1333,samba
1334,jay
1335,manoj
1336,manasa
1337,vedha
1338,sai
1339,samba
1340,dhana
1341,mahesh
1342,giri
1343,dhana
1344,jay
1345,manasa
1346,manasa
1347,giri
1348,dhana
1349,manasa
1350,mahesh
1351,sai
1352,giri
1353,vedha
1354,dhana
1355,manasa
1356,samba
1357,giri
1358,dhana
1359,manoj
1360,manasa
1361,sai
1362,dhana
1363,sai
1364,vedha
1365,vedha
1366,samba
1367,vedha
1368,vedha
1369,giri
1370,giri
1371,giri
1372,samba
1373,manoj
1374,mahesh
1375,manoj
1376,mahesh
1377,mahesh
1378,vedha
1379,sai
1380,vedha
1381,manoj
1382,sai
1383,sai
1384,giri
1385,manoj
1386,dhana
1387,mahesh
1388,samba
1389,samba
1390,vedha
1391,mahesh
1392,samba
1393,giri
1394,jay
1395,manoj
1396,mahesh
1397,jay
1398,samba
1399,vedha
1400,giri
1401,giri
1402,giri
1403,mahesh
1404,mahesh
1405,manasa
1406,samba
1407,manoj
1408,vedha
1409,jay
1410,vedha
1411,vedha
1412,samba
1413,sai
1414,jay
1415,samba
1416,samba
1417,jay
1418,sai
1419,jay
1420,giri
1421,vedha
1422,sai
1423,giri
1424,giri
1425,giri
1426,mahesh
1427,sai
1428,mahesh
1429,dhana
1430,giri
1431,jay
1432,manasa
1433,mahesh
1434,sai
1435,manasa
1436,dhana
1437,mahesh
1438,samba
1439,sai
1440,manasa
1441,manasa
1442,sai
1443,samba
1444,manoj
1445,samba
1446,mahesh
1447,mahesh
1448,samba
1449,mahesh
1450,vedha
1451,samba
1452,giri
1453,vedha
1454,mahesh
1455,mahesh
1456,mahesh
1457,sai
1458,giri
1459,giri
1460,sai
1461,sai
1462,dhana
1463,dhana
1464,giri
1465,jay
1466,samba
1467,dhana
1468,samba
1469,giri
1470,manasa
1471,manasa
1472,sai
1473,manoj
1474,jay
1475,dhana
1476,jay
1477,manoj
1478,mahesh
1479,mahesh
1480,dhana
1481,manoj
1482,mahesh
1483,mahesh
1484,samba
1485,samba
1486,sai
1487,jay
1488,vedha
1489,mahesh
1490,giri
1491,manoj
1492,manasa
1493,jay
1494,mahesh
1495,manasa
1496,manoj
1497,giri
1498,samba
1499,manoj
1500,samba
1501,jay
1502,giri
1503,jay
1504,sai
1505,dhana
1506,dhana
1507,giri
1508,manoj
1509,giri
1510,dhana
1511,vedha
1512,manasa
1513,mahesh
1514,jay
1515,dhana
1516,dhana
1517,vedha
1518,dhana
1519,samba
1520,vedha
1521,jay
1522,mahesh
1523,giri
1524,samba
1525,jay
1526,giri
1527,vedha
1528,manasa
1529,jay
1530,manoj
1531,sai
1532,dhana
1533,dhana
1534,giri
1535,manasa
1536,sai
1537,manasa
1538,jay
1539,sai
1540,dhana
1541,giri
1542,vedha
1543,giri
1544,mahesh
1545,sai
1546,giri
1547,giri
1548,sai
1549,manoj
1550,manasa
1551,mahesh
1552,manasa
1553,mahesh
1554,manoj
1555,samba
1556,manoj
1557,vedha
1558,sai
1559,dhana
1560,dhana
1561,jay
1562,giri
1563,vedha
1564,samba
1565,giri
1566,samba
1567,manasa
1568,manoj
1569,dhana
1570,jay
1571,samba
1572,vedha
1573,mahesh
1574,giri
1575,manoj
1576,jay
1577,manasa
1578,sai
1579,mahesh
1580,sai
1581,samba
1582,mahesh
1583,manoj
1584,mahesh
1585,samba
1586,mahesh
1587,jay
1588,jay
1589,manasa
1590,samba
1591,jay
1592,vedha
1593,manoj
1594,manoj
1595,giri
1596,dhana
1597,manasa
1598,manasa
1599,manoj
1600,jay
1601,vedha
1602,dhana
1603,sai
1604,dhana
1605,sai
1606,mahesh
1607,sai
1608,vedha
1609,samba
1610,mahesh
1611,jay
1612,sai
1613,manoj
1614,jay
1615,manoj
1616,vedha
1617,manasa
1618,jay
1619,manoj
1620,dhana
1621,manasa
1622,samba
1623,dhana
1624,dhana
1625,dhana
1626,dhana
1627,manoj
1628,manasa
1629,mahesh
1630,jay
1631,vedha
1632,dhana
1633,manoj
1634,manoj
1635,samba
1636,dhana
1637,manasa
1638,sai
1639,vedha
1640,samba
1641,vedha
1642,dhana
1643,samba
1644,sai
1645,vedha
1646,vedha
1647,sai
1648,sai
1649,sai
1650,samba
1651,manoj
1652,manoj
1653,jay
1654,samba
1655,samba
1656,giri
1657,sai
1658,manoj
1659,dhana
1660,mahesh
1661,sai
1662,mahesh
1663,mahesh
1664,mahesh
1665,giri
1666,manoj
1667,jay
1668,manoj
1669,manoj
1670,vedha
1671,sai
1672,dhana
1673,sai
1674,manasa
1675,vedha
1676,samba
1677,dhana
1678,giri
1679,sai
1680,mahesh
1681,vedha
1682,manasa
1683,samba
1684,vedha
1685,manasa
1686,sai
1687,samba
1688,sai
1689,dhana
1690,samba
1691,manoj
1692,giri
1693,mahesh
1694,vedha
1695,giri
1696,manasa
1697,mahesh
1698,manasa
1699,jay
1700,manoj
1701,samba
1702,sai
1703,manasa
1704,samba
1705,jay
1706,giri
1707,manoj
1708,manoj
1709,manoj
1710,jay
1711,mahesh
1712,manasa
1713,mahesh
1714,manoj
1715,samba
1716,samba
1717,jay
1718,samba
1719,manasa
1720,vedha
1721,dhana
1722,mahesh
1723,samba
1724,manoj
1725,manasa
1726,sai
1727,vedha
1728,giri
1729,giri
1730,mahesh
1731,dhana
1732,manasa
1733,dhana
1734,samba
1735,vedha
1736,manoj
1737,vedha
1738,samba
1739,manasa
1740,vedha
1741,vedha
1742,vedha
1743,sai
1744,manasa
1745,giri
1746,vedha
1747,manasa
1748,manasa
1749,manoj
1750,manoj
1751,manoj
1752,dhana
1753,mahesh
1754,mahesh
1755,vedha
1756,samba
1757,giri
1758,vedha
1759,jay
1760,manoj
1761,manasa
1762,samba
1763,mahesh
1764,sai
1765,jay
1766,dhana
1767,mahesh
1768,vedha
1769,samba
1770,samba
1771,mahesh
1772,samba
1773,vedha
1774,samba
1775,dhana
1776,mahesh
1777,vedha
1778,giri
1779,mahesh
1780,vedha
1781,samba
1782,manoj
1783,manoj
1784,giri
1785,sai
1786,manasa
1787,samba
1788,jay
1789,samba
1790,dhana
1791,mahesh
1792,mahesh
1793,vedha
1794,jay
1795,dhana
1796,sai
1797,manoj
1798,manasa
1799,sai
1800,manoj
1801,mahesh
1802,manasa
1803,vedha
1804,jay
1805,manoj
1806,mahesh
1807,manasa
1808,sai
1809,vedha
1810,manoj
1811,manoj
1812,mahesh
1813,jay
1814,dhana
1815,vedha
1816,vedha
1817,manasa
1818,giri
1819,giri
1820,jay
1821,mahesh
1822,sai
1823,manasa
1824,vedha
1825,dhana
1826,dhana
1827,samba
1828,vedha
1829,jay
1830,manasa
1831,sai
1832,samba
1833,samba
1834,manasa
1835,jay
1836,samba
1837,mahesh
1838,sai
1839,samba
1840,giri
1841,sai
1842,dhana
1843,dhana
1844,mahesh
1845,dhana
1846,mahesh
1847,samba
1848,jay
1849,mahesh
1850,sai
1851,dhana
1852,mahesh
1853,manoj
1854,giri
1855,vedha
1856,jay
1857,dhana
1858,vedha
1859,dhana
1860,giri
1861,manoj
1862,samba
1863,manasa
1864,sai
1865,giri
1866,samba
1867,mahesh
1868,manasa
1869,manoj
1870,sai
1871,sai
1872,giri
1873,mahesh
1874,vedha
1875,manasa
1876,dhana
1877,mahesh
1878,dhana
1879,mahesh
1880,sai
1881,manoj
1882,manasa
1883,manasa
1884,manoj
1885,mahesh
1886,sai
1887,sai
1888,dhana
1889,mahesh
1890,dhana
1891,samba
1892,dhana
1893,manasa
1894,manasa
1895,dhana
1896,sai
1897,sai
1898,manasa
1899,sai
1900,samba
1901,dhana
1902,dhana
1903,manoj
1904,mahesh
1905,dhana
1906,manasa
1907,giri
1908,mahesh
1909,jay
1910,jay
1911,dhana
1912,jay
1913,jay
1914,jay
1915,giri
1916,sai
1917,manasa
1918,giri
1919,samba
1920,vedha
1921,mahesh
1922,sai
1923,mahesh
1924,jay
1925,giri
1926,giri
1927,manasa
1928,vedha
1929,manasa
1930,vedha
1931,vedha
1932,manoj
1933,vedha
1934,samba
1935,manoj
1936,samba
1937,samba
1938,manasa
1939,vedha
1940,manasa
1941,mahesh
1942,jay
1943,vedha
1944,mahesh
1945,samba
1946,dhana
1947,jay
1948,samba
1949,manasa
1950,manasa
1951,manoj
1952,dhana
1953,dhana
1954,samba
1955,dhana
1956,giri
1957,dhana
1958,samba
1959,mahesh
1960,manoj
1961,vedha
1962,vedha
1963,dhana
1964,giri
1965,dhana
1966,manasa
1967,giri
1968,dhana
1969,vedha
1970,vedha
1971,manasa
1972,giri
1973,vedha
1974,samba
1975,dhana
1976,manasa
1977,sai
1978,giri
1979,jay
1980,mahesh
1981,vedha
1982,samba
1983,dhana
1984,manasa
1985,manoj
1986,dhana
1987,dhana
1988,giri
1989,dhana
1990,sai
1991,mahesh
1992,jay
1993,giri
1994,dhana
1995,jay
1996,dhana
1997,manoj
1998,mahesh
1999,jay
2000,manoj
2001,sai
2002,giri
2003,jay
2004,mahesh
2005,manoj
2006,jay
2007,sai
2008,manasa
2009,sai
2010,sai
2011,mahesh
2012,manasa
2013,vedha
2014,samba
2015,manoj
2016,manoj
2017,jay
2018,sai
2019,samba
2020,giri
2021,giri
2022,samba
2023,dhana
2024,jay
2025,jay
2026,vedha
2027,vedha
2028,vedha
2029,sai
2030,dhana
2031,manoj
2032,mahesh
2033,samba
2034,samba
2035,vedha
2036,samba
2037,mahesh
2038,samba
2039,mahesh
2040,sai
2041,jay
2042,manoj
2043,samba
2044,jay
2045,samba
2046,jay
2047,sai
2048,sai
2049,vedha
2050,sai
2051,vedha
2052,manasa
2053,vedha
2054,mahesh
2055,samba
2056,jay
2057,samba
2058,mahesh
2059,samba
2060,jay
2061,vedha
2062,sai
2063,samba
2064,giri
2065,manoj
2066,mahesh
2067,samba
2068,mahesh
2069,jay
2070,dhana
2071,dhana
2072,vedha
2073,samba
2074,giri
2075,dhana
2076,vedha
2077,dhana
2078,sai
2079,jay
2080,sai
2081,manasa
2082,dhana
2083,giri
2084,sai
2085,samba
2086,dhana
2087,giri
2088,sai
2089,mahesh
2090,sai
2091,samba
2092,samba
2093,vedha
2094,vedha
2095,giri
2096,mahesh
2097,samba
2098,sai
2099,manasa
2100,manoj
2101,manasa
2102,dhana
2103,manasa
2104,mahesh
2105,sai
2106,giri
2107,sai
2108,manasa
2109,dhana
2110,vedha
2111,sai
2112,vedha
2113,dhana
2114,jay
2115,sai
2116,samba
2117,samba
2118,samba
2119,dhana
2120,manoj
2121,jay
2122,jay
2123,manasa
2124,sai
2125,giri
2126,giri
2127,samba
2128,giri
2129,manasa
2130,dhana
2131,manasa
2132,sai
2133,manoj
2134,jay
2135,manasa
2136,mahesh
2137,dhana
2138,dhana
2139,dhana
2140,mahesh
2141,manoj
2142,giri
2143,manoj
2144,manasa
2145,dhana
2146,samba
2147,mahesh
2148,manasa
2149,vedha
2150,vedha
2151,samba
2152,manasa
2153,dhana
2154,sai
2155,vedha
2156,sai
2157,manoj
2158,sai
2159,jay
2160,giri
2161,jay
2162,manoj
2163,mahesh
2164,jay
2165,dhana
2166,manoj
2167,manasa
2168,dhana
2169,vedha
2170,samba
2171,manoj
2172,vedha
2173,samba
2174,manasa
2175,vedha
2176,sai
2177,samba
2178,dhana
2179,mahesh
2180,samba
2181,mahesh
2182,vedha
2183,manoj
2184,mahesh
2185,jay
2186,manasa
2187,vedha
2188,jay
2189,sai
2190,sai
2191,sai
2192,vedha
2193,dhana
2194,giri
2195,jay
2196,dhana
2197,samba
2198,sai
2199,manasa
2200,sai
2201,vedha
2202,samba
2203,jay
2204,sai
2205,mahesh
2206,sai
2207,mahesh
2208,sai
2209,samba
2210,jay
2211,manoj
2212,giri
2213,jay
2214,jay
2215,mahesh
2216,manoj
2217,jay
2218,sai
2219,dhana
2220,samba
2221,sai
2222,vedha
2223,sai
2224,dhana
2225,samba
2226,samba
2227,sai
2228,dhana
2229,samba
2230,giri
2231,samba
2232,dhana
2233,manasa
2234,sai
2235,manoj
2236,jay
2237,sai
2238,vedha
2239,giri
2240,dhana
2241,samba
2242,manoj
2243,giri
2244,mahesh
2245,manasa
2246,jay
2247,vedha
2248,sai
2249,jay
2250,jay
2251,mahesh
2252,dhana
2253,sai
2254,manasa
2255,sai
2256,sai
2257,dhana
2258,vedha
2259,giri
2260,vedha
2261,sai
2262,giri
2263,manasa
2264,jay
2265,samba
2266,vedha
2267,manoj
2268,mahesh
2269,sai
2270,giri
2271,samba
2272,manasa
2273,giri
2274,manoj
2275,dhana
2276,samba
2277,manoj
2278,samba
2279,sai
2280,samba
2281,mahesh
2282,manasa
2283,manoj
2284,mahesh
2285,sai
2286,samba
2287,sai
2288,sai
2289,manasa
2290,sai
2291,dhana
2292,mahesh
2293,manasa
2294,dhana
2295,vedha
2296,manoj
2297,manoj
2298,giri
2299,sai
2300,vedha
2301,manasa
2302,manoj
2303,sai
2304,manasa
2305,dhana
2306,vedha
2307,giri
2308,manoj
2309,mahesh
2310,sai
2311,dhana
2312,vedha
2313,mahesh
2314,giri
2315,vedha
2316,giri
2317,samba
2318,giri
2319,jay
2320,mahesh
2321,sai
2322,dhana
2323,mahesh
2324,mahesh
2325,giri
2326,sai
2327,mahesh
2328,vedha
2329,samba
2330,manasa
2331,samba
2332,dhana
2333,samba
2334,giri
2335,vedha
2336,manasa
2337,vedha
2338,manoj
2339,mahesh
2340,manasa
2341,giri
2342,vedha
2343,giri
2344,sai
2345,manasa
2346,giri
2347,samba
2348,mahesh
2349,giri
2350,jay
2351,manoj
2352,samba
2353,samba
2354,sai
2355,manoj
2356,dhana
2357,manoj
2358,jay
2359,jay
2360,vedha
2361,mahesh
2362,sai
2363,dhana
2364,samba
2365,mahesh
2366,giri
2367,vedha
2368,dhana
2369,sai
2370,sai
2371,giri
2372,giri
2373,sai
2374,mahesh
2375,mahesh
2376,samba
2377,vedha
2378,samba
2379,sai
2380,vedha
2381,jay
2382,sai
2383,vedha
2384,vedha
2385,dhana
2386,mahesh
2387,giri
2388,manoj
2389,giri
2390,samba
2391,dhana
2392,manasa
2393,sai
2394,samba
2395,jay
2396,sai
2397,manasa
2398,giri
2399,jay
2400,samba
2401,dhana
2402,dhana
2403,giri
2404,giri
2405,giri
2406,jay
2407,samba
2408,mahesh
2409,giri
2410,manasa
2411,dhana
2412,sai
2413,manasa
2414,giri
2415,giri
2416,manasa
2417,manoj
2418,manasa
2419,jay
2420,samba
2421,jay
2422,vedha
2423,manoj
2424,manasa
2425,sai
2426,vedha
2427,giri
2428,vedha
2429,dhana
2430,mahesh
2431,giri
2432,samba
2433,mahesh
2434,mahesh
2435,vedha
2436,mahesh
2437,mahesh
2438,samba
2439,sai
2440,dhana
2441,mahesh
2442,giri
2443,mahesh
2444,jay
2445,jay
2446,sai
2447,manasa
2448,vedha
2449,mahesh
2450,mahesh
2451,jay
2452,manoj
2453,dhana
2454,jay
2455,manoj
2456,sai
2457,sai
2458,jay
2459,vedha
2460,manoj
2461,mahesh
2462,vedha
2463,giri
2464,vedha
2465,samba
2466,samba
2467,giri
2468,mahesh
2469,manoj
2470,vedha
2471,mahesh
2472,giri
2473,vedha
2474,vedha
2475,dhana
2476,dhana
2477,samba
2478,manoj
2479,manasa
2480,manoj
2481,jay
2482,vedha
2483,jay
2484,giri
2485,sai
2486,manoj
2487,manoj
2488,mahesh
2489,samba
2490,manoj
2491,vedha
2492,samba
2493,vedha
2494,giri
2495,sai
2496,manoj
2497,vedha
2498,manoj
2499,samba
2500,dhana
2501,vedha
2502,samba
2503,manasa
2504,giri
2505,manasa
2506,samba
2507,vedha
2508,samba
2509,vedha
2510,dhana
2511,sai
2512,jay
2513,jay
2514,dhana
2515,mahesh
2516,samba
2517,manasa
2518,jay
2519,mahesh
2520,giri
2521,samba
2522,manasa
2523,manasa
2524,giri
2525,sai
2526,dhana
2527,sai
2528,mahesh
2529,manoj
2530,manoj
2531,giri
2532,mahesh
2533,manoj
2534,samba
2535,dhana
2536,samba
2537,mahesh
2538,giri
2539,vedha
2540,sai
2541,sai
2542,vedha
2543,dhana
2544,mahesh
2545,dhana
2546,jay
2547,samba
2548,mahesh
2549,vedha
2550,mahesh
2551,sai
2552,dhana
2553,samba
2554,jay
2555,jay
2556,vedha
2557,mahesh
2558,manasa
2559,manasa
2560,sai
2561,dhana
2562,manoj
2563,jay
2564,manasa
2565,samba
2566,dhana
2567,manoj
2568,giri
2569,dhana
2570,mahesh
2571,vedha
2572,vedha
2573,vedha
2574,manasa
2575,manasa
2576,jay
2577,vedha
2578,vedha
2579,dhana
2580,manasa
2581,samba
2582,mahesh
2583,giri
2584,samba
2585,vedha
2586,giri
2587,manasa
2588,manasa
2589,dhana
2590,vedha
2591,giri
2592,mahesh
2593,mahesh
2594,samba
2595,sai
2596,vedha
2597,mahesh
2598,mahesh
2599,manasa
2600,jay
2601,dhana
2602,vedha
2603,manasa
2604,jay
2605,manasa
2606,giri
2607,manasa
2608,vedha
2609,sai
2610,dhana
2611,mahesh
2612,giri
2613,jay
2614,manoj
2615,giri
2616,mahesh
2617,vedha
2618,samba
2619,mahesh
2620,dhana
2621,giri
2622,manasa
2623,mahesh
2624,sai
2625,samba
2626,mahesh
2627,samba
2628,manasa
2629,sai
2630,giri
2631,mahesh
2632,dhana
2633,dhana
2634,manasa
2635,mahesh
2636,sai
2637,jay
2638,manasa
2639,manoj
2640,samba
2641,samba
2642,vedha
2643,manoj
2644,sai
2645,manoj
2646,vedha
2647,mahesh
2648,giri
2649,dhana
2650,giri
2651,manoj
2652,dhana
2653,giri
2654,manoj
2655,giri
2656,manoj
2657,giri
2658,dhana
2659,dhana
2660,dhana
2661,vedha
2662,manoj
2663,samba
2664,dhana
2665,sai
2666,samba
2667,manasa
2668,giri
2669,sai
2670,jay
2671,jay
2672,mahesh
2673,vedha
2674,sai
2675,manoj
2676,manoj
2677,samba
2678,samba
2679,manasa
2680,vedha
2681,giri
2682,vedha
2683,manasa
2684,samba
2685,manasa
2686,samba
2687,samba
2688,jay
2689,mahesh
2690,vedha
2691,vedha
2692,jay
2693,vedha
2694,samba
2695,giri
2696,sai
2697,manasa
2698,jay
2699,sai
2700,dhana
2701,jay
2702,vedha
2703,giri
2704,vedha
2705,jay
2706,vedha
2707,manasa
2708,mahesh
2709,sai
2710,samba
2711,manasa
2712,sai
2713,dhana
2714,samba
2715,mahesh
2716,giri
2717,manasa
2718,vedha
2719,jay
2720,vedha
2721,vedha
2722,sai
2723,giri
2724,jay
2725,sai
2726,sai
2727,giri
2728,manoj
2729,vedha
2730,jay
2731,mahesh
2732,vedha
2733,dhana
2734,giri
2735,manoj
2736,manasa
2737,giri
2738,manoj
2739,sai
2740,mahesh
2741,mahesh
2742,manoj
2743,samba
2744,manasa
2745,manasa
2746,manasa
2747,manoj
2748,mahesh
2749,mahesh
2750,vedha
2751,mahesh
2752,dhana
2753,vedha
2754,mahesh
2755,manasa
2756,jay
2757,mahesh
2758,mahesh
2759,sai
2760,vedha
2761,samba
2762,manoj
2763,jay
2764,samba
2765,manasa
2766,dhana
2767,dhana
2768,giri
2769,manasa
2770,vedha
2771,samba
2772,manasa
2773,manasa
2774,samba
2775,manoj
2776,mahesh
2777,giri
2778,sai
2779,jay
2780,manoj
2781,vedha
2782,dhana
2783,manasa
2784,manoj
2785,sai
2786,samba
2787,dhana
2788,vedha
2789,samba
2790,jay
2791,vedha
2792,dhana
2793,mahesh
2794,vedha
2795,dhana
2796,manasa
2797,manoj
2798,mahesh
2799,manasa
2800,vedha
2801,giri
2802,vedha
2803,manasa
2804,manasa
2805,jay
2806,manasa
2807,manoj
2808,vedha
2809,vedha
2810,sai
2811,manoj
2812,manasa
2813,vedha
2814,sai
2815,manoj
2816,vedha
2817,jay
2818,dhana
2819,giri
2820,jay
2821,manoj
2822,manasa
2823,dhana
2824,mahesh
2825,sai
2826,vedha
2827,manasa
2828,samba
2829,dhana
2830,samba
2831,manoj
2832,manoj
2833,samba
2834,jay
2835,manoj
2836,vedha
2837,jay
2838,manoj
2839,mahesh
2840,manoj
2841,giri
2842,manoj
2843,giri
2844,jay
2845,dhana
2846,dhana
2847,dhana
2848,sai
2849,mahesh
2850,mahesh
2851,samba
2852,sai
2853,giri
2854,samba
2855,jay
2856,manasa
2857,sai
2858,vedha
2859,samba
2860,manoj
2861,mahesh
2862,giri
2863,vedha
2864,giri
2865,sai
2866,mahesh
2867,sai
2868,dhana
2869,samba
2870,mahesh
2871,sai
2872,jay
2873,samba
2874,manoj
2875,dhana
2876,dhana
2877,giri
2878,samba
2879,giri
2880,samba
2881,manasa
2882,manasa
2883,sai
2884,samba
2885,manoj
2886,sai
2887,giri
2888,manoj
2889,manoj
2890,giri
2891,samba
2892,sai
2893,manoj
2894,jay
2895,mahesh
2896,dhana
2897,giri
2898,vedha
2899,sai
2900,manoj
2901,sai
2902,manoj
2903,dhana
2904,sai
2905,jay
2906,jay
2907,sai
2908,manasa
2909,manasa
2910,mahesh
2911,samba
2912,manoj
2913,manasa
2914,mahesh
2915,samba
2916,manoj
2917,dhana
2918,dhana
2919,vedha
2920,samba
2921,jay
2922,giri
2923,manasa
2924,manasa
2925,jay
2926,sai
2927,samba
2928,dhana
2929,sai
2930,jay
2931,sai
2932,manoj
2933,jay
2934,manasa
2935,vedha
2936,giri
2937,mahesh
2938,giri
2939,dhana
2940,mahesh
2941,manasa
2942,mahesh
2943,jay
2944,manoj
2945,giri
2946,vedha
2947,manasa
2948,manasa
2949,manasa
2950,samba
2951,sai
2952,jay
2953,mahesh
2954,sai
2955,samba
2956,manasa
2957,jay
2958,dhana
2959,manasa
2960,samba
2961,dhana
2962,dhana
2963,jay
2964,vedha
2965,giri
2966,samba
2967,sai
2968,manasa
2969,manoj
2970,mahesh
2971,samba
2972,vedha
2973,sai
2974,jay
2975,jay
2976,samba
2977,samba
2978,manoj
2979,giri
2980,jay
2981,dhana
2982,mahesh
2983,mahesh
2984,mahesh
2985,sai
2986,dhana
2987,giri
2988,giri
2989,manoj
2990,mahesh
2991,samba
2992,giri
2993,sai
2994,sai
2995,giri
2996,vedha
2997,manoj
2998,mahesh
2999,sai
